{"cameraMode":{"drawMode":0,"name":"Shaded","section":"Shading Mode"},"sceneLighting":false,"audioPlay":false,"sceneViewState":{"m_AlwaysRefresh":false,"showFog":true,"showSkybox":false,"showFlares":true,"showImageEffects":true,"showParticleSystems":true,"showVisualEffectGraphs":true,"m_FxEnabled":true},"in2DMode":false,"pivot":{"x":0.1014411449432373,"y":-0.16783717274665833,"z":-0.04737043380737305},"rotation":{"x":-0.17222294211387635,"y":0.43921875953674319,"z":-0.08619659394025803,"w":-0.8774396777153015},"size":1.1902683973312379,"orthographic":false}